,Fund Name,P1,P2,P3,P4,P5,Score,Rank
0,M1,0.75,0.56,6.8,56.1,16.05,0.5638497382513431,3
1,M2,0.82,0.67,6.6,40.1,12.05,0.570861957158061,2
2,M3,0.66,0.44,5.2,69.7,19.0,0.4744267504934513,7
3,M4,0.87,0.76,6.1,62.6,17.58,0.6126346911661832,1
4,M5,0.72,0.52,6.7,57.4,16.34,0.5421037944447091,4
5,M6,0.67,0.45,6.7,33.9,10.43,0.48280708831535624,6
6,M7,0.72,0.52,6.3,46.3,13.46,0.5094998672130368,5
7,M8,0.63,0.4,3.6,63.3,16.98,0.4038943641279928,8
